ID;Nombre;Email;Password;Genero;Fecha de nacimiento;Pais
1211;RAUL;RAUL@GMAIL.COM;123DFFD;MASCULINO;1975-02-12;ARGENTINA
251;PEDRO;PEDRO@GMAIL.COM;454$$%%$;MASCULINO;1985-02-04;ARGENTINA
222;MARIO;MARIO@HOLA.COM;233TTT$$$$;MASCULINO;1985-03-06;MEXICO
3565;LUCIANA;LUCIANACOS@HOTMAIL.COM.AR;UTYRY111##;FEMENINO;1998-11-13;URUGUAY
12;MARIA;MARIALOPEZ@CIUDAD.COM.AR;4547HOLA##;FEMENINO;1974-04-28;CHILE
368;LORENA;LORU@UOL.COM;LOL123$$;FEMENINO;1977-01-09;ARGENTINA
999;ALEXIS;ALESFOT@GMAIL.COM;"ALE234""""";OTRO;1984-02-09;CHILE
1782;PAMELA;PAMECROC@GMAIL.COM;POL%$54;FEMENINO;1987-07-17;BOLIVIA
4021;CARMEN;CARMENCALDE@HOTMAIL.COM;CARMEN20##$;FEMENINO;1969-09-19;PERU
3697;TATIANA;TATUIUZZO@GMAIL.COM;LOC65!;FEMENINO;1983-02-14;ARGENTINA
